<?xml version="1.0" encoding="UTF-8" standalone="yes"?>
<addon id="plugin.video.yify" name="YIFY movies" version="0.1.0" provider-name="Jim Bactad">
    <requires>
        <import addon="xbmc.python" version="2.19.0"/>
        <import addon="script.module.xbmcswift2" version="2.4.0"/>
        <import addon="script.module.requests" version="2.6.0"/>
        <import addon="script.module.libtorrent"/>
        <import addon="script.module.bottle" version="0.12.8"/>
    </requires>
    <extension point="xbmc.python.pluginsource" library="yify.py">
        <provides>video</provides>
    </extension>
    <extension point="xbmc.service" library="torrent.py" start="[login|startup]"/>
    <extension point="xbmc.addon.metadata">
        <platform>all</platform>
        <language>en</language>
        <summary>HD movies at the smallest file size.</summary>
        <description>Here you will be able to browse and stream YIFY movies in excellent 720p, 1080p and 3D quality,
            all at the smallest file size.
        </description>
        <disclaimer lang="en">The author does not host or distribute any of the content displayed by this addon. The
            author does not have any affiliation with the content provider.
        </disclaimer>
    </extension>
    <assets>
        <icon>icon.png</icon>
        <fanart>fanart.jpg</fanart>
    </assets>
</addon>
